term,non_invariant,random_non_invariant,h_nmi,h_mi,h_nmi_p,h_mi_p,type,run_number,computer
lv =~ q1,0.869,0.763,0.276211210355106,-0.276211210355105,0.0879207589308208,-0.0879207589308207,Invariant,1,computer11
lv =~ q2,0.86,0.77,0.233365209533108,-0.233365209533108,0.07428245328574,-0.0742824532857401,Invariant,1,computer11
lv =~ q3,0.861,0.768,0.240996766018058,-0.240996766018058,0.0767116531618698,-0.0767116531618698,Invariant,1,computer11
lv =~ q4,0.857,0.776,0.210433921365668,-0.210433921365667,0.0669831975591145,-0.0669831975591143,Invariant,1,computer11
lv =~ q5,0.821,0.756,0.159592485183284,-0.159592485183284,0.0507998657944795,-0.0507998657944794,Invariant,1,computer11
lv =~ q1,0.968,0.556,1.09885384083286,-1.09885384083286,0.349776041008129,-0.349776041008129,Small Loadings,1,computer11
lv =~ q2,0.935,0.555,0.944979270561059,-0.944979270561059,0.300796244058332,-0.300796244058332,Small Loadings,1,computer11
lv =~ q3,0.947,0.55,1.00602697909438,-1.00602697909438,0.320228333213356,-0.320228333213356,Small Loadings,1,computer11
lv =~ q4,0.898,0.546,0.828527593917963,-0.828527593917963,0.263728524120157,-0.263728524120157,Small Loadings,1,computer11
lv =~ q5,0.962,0.562,1.05409217180949,-1.05409217180949,0.335527959235904,-0.335527959235903,Small Loadings,1,computer11
lv =~ q1,0.976,0.427,1.40622845376648,-1.40622845376648,0.447616419066816,-0.447616419066816,Medium Loadings,1,computer11
lv =~ q2,0.878,0.419,1.01989758079009,-1.01989758079009,0.324643482860416,-0.324643482860416,Medium Loadings,1,computer11
lv =~ q3,0.972,0.418,1.39929473840103,-1.39929473840103,0.445409348918009,-0.445409348918009,Medium Loadings,1,computer11
lv =~ q4,0.831,0.419,0.886201148164253,-0.886201148164253,0.282086586608108,-0.282086586608108,Medium Loadings,1,computer11
lv =~ q5,0.978,0.421,1.43171464862424,-1.43171464862424,0.455728926851249,-0.455728926851249,Medium Loadings,1,computer11
lv =~ q1,0.964,0.241,1.73351962303814,-1.73351962303814,0.551796433906639,-0.551796433906639,Large Loadings,1,computer11
lv =~ q2,0.951,0.232,1.69007161913811,-1.69007161913811,0.537966504730307,-0.537966504730307,Large Loadings,1,computer11
lv =~ q3,0.965,0.241,1.7389239949439,-1.7389239949439,0.553516698912856,-0.553516698912857,Large Loadings,1,computer11
lv =~ q4,0.85,0.245,1.31058228688635,-1.31058228688635,0.417171298573287,-0.417171298573287,Large Loadings,1,computer11
lv =~ q5,0.965,0.246,1.72727412323367,-1.72727412323367,0.549808429574715,-0.549808429574715,Large Loadings,1,computer11
lv ~1,0.941,0.714,0.637810843735202,-0.637810843735202,0.20302149707614,-0.203021497076139,Small Intercepts,1,computer11
q1 ~1,0.941,0.714,0.637810843735202,-0.637810843735202,0.20302149707614,-0.203021497076139,Small Intercepts,1,computer11
q2 ~1,0.944,0.721,0.635150360731641,-0.635150360731641,0.202174639034082,-0.202174639034082,Small Intercepts,1,computer11
q3 ~1,0.937,0.731,0.583125091266226,-0.583125091266226,0.185614481431865,-0.185614481431865,Small Intercepts,1,computer11
q4 ~1,0.897,0.706,0.492712925970186,-0.492712925970187,0.156835395386853,-0.156835395386853,Small Intercepts,1,computer11
q5 ~1,0.944,0.711,0.657327184482777,-0.657327184482777,0.209233741278224,-0.209233741278224,Small Intercepts,1,computer11
lv ~1,1,0.691,1.17883687372714,-1.17883687372714,0.375235431105343,-0.375235431105343,Medium Intercepts,1,computer11
q1 ~1,1,0.691,1.17883687372714,-1.17883687372714,0.375235431105343,-0.375235431105343,Medium Intercepts,1,computer11
q2 ~1,1,0.679,1.20467128139014,-1.20467128139014,0.383458778468177,-0.383458778468177,Medium Intercepts,1,computer11
q3 ~1,1,0.697,1.16581673832767,-1.16581673832767,0.371090993288239,-0.371090993288239,Medium Intercepts,1,computer11
q4 ~1,0.917,0.682,0.613759003666855,-0.613759003666855,0.195365558601473,-0.195365558601473,Medium Intercepts,1,computer11
q5 ~1,1,0.694,1.17233572697073,-1.17233572697073,0.373166051821245,-0.373166051821245,Medium Intercepts,1,computer11
lv ~1,1,0.264,2.06235433698244,-2.06235433698244,0.656467774275526,-0.656467774275526,Large Intercepts,1,computer11
q1 ~1,1,0.264,2.06235433698244,-2.06235433698244,0.656467774275526,-0.656467774275526,Large Intercepts,1,computer11
q2 ~1,1,0.266,2.0578226064593,-2.0578226064593,0.65502527964849,-0.65502527964849,Large Intercepts,1,computer11
q3 ~1,1,0.266,2.0578226064593,-2.0578226064593,0.65502527964849,-0.65502527964849,Large Intercepts,1,computer11
q4 ~1,0.967,0.261,1.70382609158557,-1.70382609158556,0.542344689289574,-0.542344689289574,Large Intercepts,1,computer11
q5 ~1,1,0.25,2.0943951023932,-2.0943951023932,0.666666666666667,-0.666666666666667,Large Intercepts,1,computer11
lv ~~ lv,0.995,0.42,1.58994750642238,-1.58994750642238,0.506096009807509,-0.50609600980751,Small Residuals,1,computer11
q1 ~~ q1,0.996,0.416,1.61302122184958,-1.61302122184958,0.513440601538979,-0.513440601538979,Small Residuals,1,computer11
q2 ~~ q2,0.991,0.424,1.5333653749519,-1.5333653749519,0.488085357979104,-0.488085357979104,Small Residuals,1,computer11
q3 ~~ q3,0.994,0.419,1.57843874321851,-1.57843874321851,0.50243265670197,-0.502432656701971,Small Residuals,1,computer11
q4 ~~ q4,0.973,0.412,1.41758721262835,-1.41758721262835,0.451232024307327,-0.451232024307327,Small Residuals,1,computer11
q5 ~~ q5,0.993,0.426,1.55181417806607,-1.55181417806607,0.493957794398604,-0.493957794398604,Small Residuals,1,computer11
lv ~~ lv,1,0.545,1.4806743817803,-1.4806743817803,0.471313293939742,-0.471313293939742,Medium Residuals,1,computer11
q1 ~~ q1,1,0.55,1.47062890563334,-1.47062890563334,0.46811571957074,-0.46811571957074,Medium Residuals,1,computer11
q2 ~~ q2,1,0.557,1.45654794746336,-1.45654794746336,0.463633611378296,-0.463633611378297,Medium Residuals,1,computer11
q3 ~~ q3,1,0.542,1.48669722781221,-1.48669722781221,0.473230425374663,-0.473230425374663,Medium Residuals,1,computer11
q4 ~~ q4,0.909,0.547,0.863786447796328,-0.863786447796328,0.27495176588515,-0.27495176588515,Medium Residuals,1,computer11
q5 ~~ q5,1,0.538,1.49472297330744,-1.49472297330744,0.475785099509789,-0.475785099509789,Medium Residuals,1,computer11
lv ~1,0.791,0.422,0.777825753119726,-0.777825753119726,0.247589626946361,-0.247589626946361,Large Residuals,1,computer11
q1 ~1,0.791,0.422,0.777825753119726,-0.777825753119726,0.247589626946361,-0.247589626946361,Large Residuals,1,computer11
q2 ~1,0.74,0.413,0.675544898624061,-0.675544898624061,0.215032619793065,-0.215032619793065,Large Residuals,1,computer11
q3 ~1,0.774,0.424,0.732562855198535,-0.732562855198535,0.233181999060718,-0.233181999060718,Large Residuals,1,computer11
q4 ~1,0.799,0.421,0.799668327470418,-0.799668327470418,0.254542334301891,-0.254542334301891,Large Residuals,1,computer11
q5 ~1,0.79,0.416,0.787529171689658,-0.787529171689658,0.25067832100695,-0.25067832100695,Large Residuals,1,computer11
lv =~ q1,0.873,0.746,0.327649659626458,-0.327649659626458,0.104294125863856,-0.104294125863856,Invariant,1,computer12
lv =~ q2,0.863,0.747,0.29580309531807,-0.295803095318069,0.0941570496035077,-0.0941570496035077,Invariant,1,computer12
lv =~ q3,0.883,0.752,0.344371718472663,-0.344371718472664,0.10961692251195,-0.10961692251195,Invariant,1,computer12
lv =~ q4,0.846,0.746,0.249870319031289,-0.249870319031288,0.0795361928115569,-0.0795361928115569,Invariant,1,computer12
lv =~ q5,0.873,0.743,0.334528181376006,-0.334528181376006,0.106483627339067,-0.106483627339067,Invariant,1,computer12
lv =~ q1,0.74,0.598,0.303377586219494,-0.303377586219494,0.0965680849402402,-0.0965680849402402,Small Loadings,1,computer12
lv =~ q2,0.685,0.603,0.171523505047451,-0.171523505047451,0.0545976273694991,-0.0545976273694991,Small Loadings,1,computer12
lv =~ q3,0.686,0.582,0.216418524770229,-0.216418524770228,0.0688881559876754,-0.0688881559876753,Small Loadings,1,computer12
lv =~ q4,0.746,0.597,0.31914756375072,-0.31914756375072,0.101587824693326,-0.101587824693326,Small Loadings,1,computer12
lv =~ q5,0.734,0.602,0.281584162154264,-0.281584162154265,0.0896310226064819,-0.089631022606482,Small Loadings,1,computer12
lv =~ q1,1,0.372,1.82967836046063,-1.82967836046063,0.582404710671168,-0.582404710671168,Medium Loadings,1,computer12
lv =~ q2,1,0.367,1.8400374742894,-1.8400374742894,0.58570211901497,-0.58570211901497,Medium Loadings,1,computer12
lv =~ q3,1,0.37,1.83381852970337,-1.83381852970337,0.583722567471605,-0.583722567471605,Medium Loadings,1,computer12
lv =~ q4,0.915,0.353,1.27751679639313,-1.27751679639313,0.406646226057778,-0.406646226057778,Medium Loadings,1,computer12
lv =~ q5,1,0.365,1.84418935826237,-1.84418935826237,0.587023704729853,-0.587023704729853,Medium Loadings,1,computer12
lv =~ q1,1,0.678,1.2068123703133,-1.2068123703133,0.384140308239618,-0.384140308239618,Large Loadings,1,computer12
lv =~ q2,1,0.67,1.22387942926773,-1.22387942926773,0.389572921832895,-0.389572921832895,Large Loadings,1,computer12
lv =~ q3,1,0.678,1.2068123703133,-1.2068123703133,0.384140308239618,-0.384140308239618,Large Loadings,1,computer12
lv =~ q4,0.935,0.663,0.723132997957588,-0.723132997957588,0.230180382275623,-0.230180382275623,Large Loadings,1,computer12
lv =~ q5,1,0.68,1.20252843335826,-1.20252843335826,0.382776688755039,-0.382776688755039,Large Loadings,1,computer12
lv ~1,0.936,0.528,1.00324401238534,-1.00324401238534,0.319342487396946,-0.319342487396946,Small Intercepts,1,computer12
q1 ~1,0.936,0.528,1.00324401238534,-1.00324401238534,0.319342487396946,-0.319342487396946,Small Intercepts,1,computer12
q2 ~1,0.936,0.537,0.985205618797491,-0.985205618797492,0.313600688387061,-0.313600688387061,Small Intercepts,1,computer12
q3 ~1,0.937,0.534,0.995321550698749,-0.995321550698748,0.316820689519193,-0.316820689519193,Small Intercepts,1,computer12
q4 ~1,0.751,0.538,0.44983636690353,-0.44983636690353,0.143187362750393,-0.143187362750393,Small Intercepts,1,computer12
q5 ~1,0.942,0.524,1.0363321170226,-1.0363321170226,0.329874758218069,-0.329874758218069,Small Intercepts,1,computer12
lv ~1,1,0.342,1.89230680433312,-1.89230680433312,0.602339963512088,-0.602339963512088,Medium Intercepts,1,computer12
q1 ~1,1,0.342,1.89230680433312,-1.89230680433312,0.602339963512088,-0.602339963512088,Medium Intercepts,1,computer12
q2 ~1,1,0.324,1.93050332637985,-1.93050332637985,0.6144982940974,-0.6144982940974,Medium Intercepts,1,computer12
q3 ~1,1,0.344,1.88809371490704,-1.88809371490704,0.600998895496389,-0.600998895496389,Medium Intercepts,1,computer12
q4 ~1,0.931,0.329,1.38824643624186,-1.38824643624186,0.441892565115199,-0.441892565115199,Medium Intercepts,1,computer12
q5 ~1,1,0.345,1.88598935923562,-1.88598935923562,0.600329058282131,-0.600329058282131,Medium Intercepts,1,computer12
lv ~1,1,0.463,1.64486403109822,-1.64486403109822,0.523576482526687,-0.523576482526687,Large Intercepts,1,computer12
q1 ~1,1,0.463,1.64486403109822,-1.64486403109822,0.523576482526687,-0.523576482526687,Large Intercepts,1,computer12
q2 ~1,1,0.462,1.64686968028235,-1.64686968028235,0.524214900490211,-0.524214900490211,Large Intercepts,1,computer12
q3 ~1,1,0.46,1.65088190682856,-1.65088190682856,0.525492031865477,-0.525492031865477,Large Intercepts,1,computer12
q4 ~1,0.959,0.462,1.23908091821279,-1.23908091821279,0.394411706048821,-0.394411706048821,Large Intercepts,1,computer12
q5 ~1,1,0.46,1.65088190682856,-1.65088190682856,0.525492031865477,-0.525492031865477,Large Intercepts,1,computer12
lv ~~ lv,0.975,0.637,0.975686142565842,-0.975686142565843,0.310570544991235,-0.310570544991235,Small Residuals,1,computer12
q1 ~~ q1,0.977,0.643,0.976256542977202,-0.976256542977202,0.310752109081254,-0.310752109081254,Small Residuals,1,computer12
q2 ~~ q2,0.971,0.645,0.934313726832387,-0.934313726832388,0.297401296047971,-0.297401296047971,Small Residuals,1,computer12
q3 ~~ q3,0.977,0.652,0.957417826021044,-0.957417826021043,0.304755559231091,-0.304755559231091,Small Residuals,1,computer12
q4 ~~ q4,0.937,0.651,0.756584148518194,-0.756584148518193,0.240828214203286,-0.240828214203286,Small Residuals,1,computer12
q5 ~~ q5,0.979,0.649,0.97734791435841,-0.97734791435841,0.311099503381391,-0.311099503381391,Small Residuals,1,computer12
lv ~~ lv,1,0.643,1.28074646970548,-1.28074646970548,0.407674263002243,-0.407674263002243,Medium Residuals,1,computer12
q1 ~~ q1,1,0.645,1.27656948904591,-1.27656948904591,0.406344688763905,-0.406344688763905,Medium Residuals,1,computer12
q2 ~~ q2,1,0.64,1.28700221758657,-1.28700221758657,0.409665529398267,-0.409665529398267,Medium Residuals,1,computer12
q3 ~~ q3,1,0.643,1.28074646970548,-1.28074646970548,0.407674263002243,-0.407674263002243,Medium Residuals,1,computer12
q4 ~~ q4,0.889,0.655,0.576283106217553,-0.576283106217553,0.183436609949751,-0.183436609949751,Medium Residuals,1,computer12
q5 ~~ q5,1,0.643,1.28074646970548,-1.28074646970548,0.407674263002243,-0.407674263002243,Medium Residuals,1,computer12
lv ~1,0.969,0.623,0.968263497689027,-0.968263497689028,0.308207843745313,-0.308207843745314,Large Residuals,1,computer12
q1 ~1,0.969,0.623,0.968263497689027,-0.968263497689028,0.308207843745313,-0.308207843745314,Large Residuals,1,computer12
q2 ~1,0.967,0.636,0.92997898204853,-0.92997898204853,0.296021503929185,-0.296021503929185,Large Residuals,1,computer12
q3 ~1,0.938,0.622,0.82101688756943,-0.82101688756943,0.261337792037195,-0.261337792037195,Large Residuals,1,computer12
q4 ~1,0.962,0.627,0.921598506723636,-0.921598506723636,0.293353915782352,-0.293353915782352,Large Residuals,1,computer12
q5 ~1,0.967,0.629,0.944498218651237,-0.944498218651237,0.300643120479668,-0.300643120479668,Large Residuals,1,computer12
lv =~ q1,0.968,0.381,1.45139548709003,-1.45139548709003,0.461993532303294,-0.461993532303294,Invariant,1,computer13
lv =~ q2,0.926,0.371,1.28074518228033,-1.28074518228033,0.407673853202089,-0.407673853202089,Invariant,1,computer13
lv =~ q3,0.871,0.349,1.14283866458393,-1.14283866458393,0.363776845250147,-0.363776845250147,Invariant,1,computer13
lv =~ q4,0.967,0.373,1.462263419577,-1.462263419577,0.465452902656276,-0.465452902656275,Invariant,1,computer13
lv =~ q5,0.963,0.367,1.45291703670313,-1.45291703670313,0.462477856587463,-0.462477856587463,Invariant,1,computer13
lv =~ q1,0.83,0.705,0.298364698683334,-0.298364698683334,0.0949724332791531,-0.094972433279153,Small Loadings,1,computer13
lv =~ q2,0.839,0.708,0.315996153559999,-0.315996153559999,0.100584699674199,-0.100584699674199,Small Loadings,1,computer13
lv =~ q3,0.836,0.692,0.342781635217994,-0.342781635217994,0.109110783292133,-0.109110783292133,Small Loadings,1,computer13
lv =~ q4,0.813,0.686,0.295250491160514,-0.295250491160514,0.0939811502370114,-0.0939811502370115,Small Loadings,1,computer13
lv =~ q5,0.838,0.704,0.322058528997839,-0.322058528997839,0.102514413709821,-0.102514413709821,Small Loadings,1,computer13
lv =~ q1,1,0.73,1.09280112827594,-1.09280112827594,0.347849402763034,-0.347849402763034,Medium Loadings,1,computer13
lv =~ q2,1,0.737,1.07696832898816,-1.07696832898816,0.342809666223769,-0.342809666223769,Medium Loadings,1,computer13
lv =~ q3,1,0.75,1.0471975511966,-1.0471975511966,0.333333333333333,-0.333333333333333,Medium Loadings,1,computer13
lv =~ q4,0.864,0.744,0.305603243600501,-0.305603243600502,0.0972765336878728,-0.097276533687873,Medium Loadings,1,computer13
lv =~ q5,0.995,0.744,0.919459933313436,-0.919459933313437,0.292673186723555,-0.292673186723556,Medium Loadings,1,computer13
lv =~ q1,0.979,0.602,1.07450257037802,-1.07450257037802,0.342024790881219,-0.342024790881219,Large Loadings,1,computer13
lv =~ q2,0.974,0.606,1.03327092584344,-1.03327092584344,0.328900350802244,-0.328900350802245,Large Loadings,1,computer13
lv =~ q3,0.94,0.596,0.882662543036901,-0.882662543036902,0.280960213612771,-0.280960213612771,Large Loadings,1,computer13
lv =~ q4,0.83,0.606,0.507197735723594,-0.507197735723594,0.161446053530854,-0.161446053530854,Large Loadings,1,computer13
lv =~ q5,0.974,0.608,1.02917605958382,-1.02917605958382,0.327596914389209,-0.327596914389209,Large Loadings,1,computer13
lv ~1,0.905,0.447,1.0503516282544,-1.0503516282544,0.334337307242617,-0.334337307242617,Small Intercepts,1,computer13
q1 ~1,0.905,0.447,1.0503516282544,-1.0503516282544,0.334337307242617,-0.334337307242617,Small Intercepts,1,computer13
q2 ~1,0.915,0.448,1.08329608010965,-1.08329608010965,0.344823851963049,-0.344823851963049,Small Intercepts,1,computer13
q3 ~1,0.906,0.438,1.07189064985951,-1.07189064985951,0.341193390758251,-0.341193390758251,Small Intercepts,1,computer13
q4 ~1,0.869,0.437,0.956437497403554,-0.956437497403554,0.304443510940435,-0.304443510940435,Small Intercepts,1,computer13
q5 ~1,0.909,0.442,1.07418716912685,-1.07418716912685,0.341924395544856,-0.341924395544856,Small Intercepts,1,computer13
lv ~1,1,0.519,1.53278717551381,-1.53278717551381,0.487901311381776,-0.487901311381776,Medium Intercepts,1,computer13
q1 ~1,1,0.519,1.53278717551381,-1.53278717551381,0.487901311381776,-0.487901311381776,Medium Intercepts,1,computer13
q2 ~1,1,0.517,1.53678977271823,-1.53678977271823,0.489175377642352,-0.489175377642352,Medium Intercepts,1,computer13
q3 ~1,1,0.515,1.54079182497142,-1.54079182497142,0.490449270439568,-0.490449270439568,Medium Intercepts,1,computer13
q4 ~1,0.941,0.517,1.04608297299788,-1.04608297299788,0.332978552073757,-0.332978552073757,Medium Intercepts,1,computer13
q5 ~1,1,0.52,1.53078565244091,-1.53078565244091,0.487264206800245,-0.487264206800245,Medium Intercepts,1,computer13
lv ~1,0.999,0.75,0.983941452321457,-0.983941452321455,0.313198291699957,-0.313198291699956,Large Intercepts,1,computer13
q1 ~1,0.999,0.75,0.983941452321457,-0.983941452321455,0.313198291699957,-0.313198291699956,Large Intercepts,1,computer13
q2 ~1,0.998,0.759,0.936812616123669,-0.936812616123667,0.298196717213864,-0.298196717213864,Large Intercepts,1,computer13
q3 ~1,0.995,0.752,0.901033084316797,-0.901033084316798,0.286807738516709,-0.28680773851671,Large Intercepts,1,computer13
q4 ~1,0.943,0.751,0.562736502345093,-0.562736502345093,0.179124592012931,-0.179124592012931,Large Intercepts,1,computer13
q5 ~1,0.999,0.753,0.97699928105071,-0.976999281050707,0.310988529952897,-0.310988529952896,Large Intercepts,1,computer13
lv ~~ lv,0.963,0.508,1.1676752064633,-1.1676752064633,0.371682562068967,-0.371682562068967,Small Residuals,1,computer13
q1 ~~ q1,0.959,0.507,1.14900710735166,-1.14900710735166,0.365740321565475,-0.365740321565475,Small Residuals,1,computer13
q2 ~~ q2,0.966,0.513,1.17388921904983,-1.17388921904983,0.37366054370813,-0.37366054370813,Small Residuals,1,computer13
q3 ~~ q3,0.956,0.508,1.13213303924527,-1.13213303924527,0.360369138867071,-0.360369138867071,Small Residuals,1,computer13
q4 ~~ q4,0.932,0.487,1.06916377475491,-1.06916377475491,0.340325399454067,-0.340325399454067,Small Residuals,1,computer13
q5 ~~ q5,0.967,0.516,1.17344430091773,-1.17344430091773,0.373518921868141,-0.37351892186814,Small Residuals,1,computer13
lv ~~ lv,0.997,0.6,1.25983904817293,-1.25983904817293,0.40101922403382,-0.401019224033819,Medium Residuals,1,computer13
q1 ~~ q1,0.998,0.597,1.28608578577255,-1.28608578577255,0.409373820091851,-0.409373820091851,Medium Residuals,1,computer13
q2 ~~ q2,0.997,0.594,1.27207153022299,-1.27207153022299,0.404912944002919,-0.404912944002919,Medium Residuals,1,computer13
q3 ~~ q3,0.998,0.593,1.29423424193327,-1.29423424193326,0.411967554244943,-0.411967554244942,Medium Residuals,1,computer13
q4 ~~ q4,0.956,0.582,0.983389521792024,-0.983389521792025,0.313022606755952,-0.313022606755952,Medium Residuals,1,computer13
q5 ~~ q5,0.998,0.592,1.29626937166491,-1.29626937166491,0.412615356158192,-0.412615356158191,Medium Residuals,1,computer13
lv ~1,0.908,0.626,0.699710638239522,-0.699710638239522,0.22272481361961,-0.22272481361961,Large Residuals,1,computer13
q1 ~1,0.908,0.626,0.699710638239522,-0.699710638239522,0.22272481361961,-0.22272481361961,Large Residuals,1,computer13
q2 ~1,0.913,0.637,0.694424233118275,-0.694424233118276,0.221042098607144,-0.221042098607144,Large Residuals,1,computer13
q3 ~1,0.912,0.629,0.70748343664177,-0.70748343664177,0.225198972194359,-0.225198972194359,Large Residuals,1,computer13
q4 ~1,0.913,0.624,0.721358774968093,-0.721358774968093,0.229615629557772,-0.229615629557772,Large Residuals,1,computer13
q5 ~1,0.864,0.621,0.570973572210967,-0.570973572210967,0.181746532784425,-0.181746532784425,Large Residuals,1,computer13
lv =~ q1,0.873,0.549,0.743877657020029,-0.743877657020029,0.23678361234071,-0.23678361234071,Invariant,1,computer14
lv =~ q2,0.873,0.558,0.725773466871705,-0.725773466871704,0.231020869635148,-0.231020869635147,Invariant,1,computer14
lv =~ q3,0.832,0.551,0.623977944748927,-0.623977944748927,0.198618348574227,-0.198618348574227,Invariant,1,computer14
lv =~ q4,0.855,0.55,0.689330788184612,-0.689330788184612,0.219420804730027,-0.219420804730027,Invariant,1,computer14
lv =~ q5,0.852,0.559,0.662738538381437,-0.662738538381437,0.210956228721807,-0.210956228721807,Invariant,1,computer14
lv =~ q1,0.845,0.581,0.598771963359678,-0.598771963359679,0.190595035507064,-0.190595035507064,Small Loadings,1,computer14
lv =~ q2,0.841,0.567,0.616089527996371,-0.616089527996371,0.19610738753555,-0.19610738753555,Small Loadings,1,computer14
lv =~ q3,0.82,0.58,0.533807612674645,-0.533807612674646,0.169916240434507,-0.169916240434507,Small Loadings,1,computer14
lv =~ q4,0.854,0.583,0.619890170348164,-0.619890170348163,0.197317169569975,-0.197317169569974,Small Loadings,1,computer14
lv =~ q5,0.844,0.575,0.608161247632992,-0.608161247632992,0.19358373751545,-0.19358373751545,Small Loadings,1,computer14
lv =~ q1,0.975,0.25,1.77683467310167,-1.77683467310167,0.565584042562407,-0.565584042562407,Medium Loadings,1,computer14
lv =~ q2,0.978,0.249,1.79895948711061,-1.79895948711061,0.572626589591428,-0.572626589591428,Medium Loadings,1,computer14
lv =~ q3,0.965,0.245,1.72959763475277,-1.72959763475277,0.550548026261907,-0.550548026261907,Medium Loadings,1,computer14
lv =~ q4,0.904,0.247,1.4712905832181,-1.4712905832181,0.468326338087437,-0.468326338087437,Medium Loadings,1,computer14
lv =~ q5,0.935,0.245,1.59038711082441,-1.59038711082441,0.506235940234684,-0.506235940234685,Medium Loadings,1,computer14
lv =~ q1,0.948,0.549,1.01252054223723,-1.01252054223723,0.322295298558283,-0.322295298558283,Large Loadings,1,computer14
lv =~ q2,0.944,0.553,0.986777916442449,-0.986777916442449,0.314101166271474,-0.314101166271474,Large Loadings,1,computer14
lv =~ q3,0.953,0.549,1.03557874822129,-1.03557874822129,0.329634953480671,-0.329634953480671,Large Loadings,1,computer14
lv =~ q4,0.796,0.538,0.557464812762152,-0.557464812762152,0.177446561101789,-0.177446561101789,Large Loadings,1,computer14
lv =~ q5,0.934,0.554,0.942949292167574,-0.942949292167574,0.300150081866947,-0.300150081866946,Large Loadings,1,computer14
lv ~1,0.967,0.532,1.14140599337499,-1.14140599337499,0.363320811840689,-0.363320811840689,Small Intercepts,1,computer14
q1 ~1,0.967,0.532,1.14140599337499,-1.14140599337499,0.363320811840689,-0.363320811840689,Small Intercepts,1,computer14
q2 ~1,0.968,0.533,1.14504131704074,-1.14504131704074,0.364477971302975,-0.364477971302975,Small Intercepts,1,computer14
q3 ~1,0.964,0.522,1.14499426285508,-1.14499426285508,0.364462993490495,-0.364462993490495,Small Intercepts,1,computer14
q4 ~1,0.922,0.529,0.946665376853348,-0.946665376853348,0.301332948360325,-0.301332948360324,Small Intercepts,1,computer14
q5 ~1,0.967,0.538,1.12937641128173,-1.12937641128173,0.359491676933744,-0.359491676933744,Small Intercepts,1,computer14
lv ~1,1,0.724,1.10626929737573,-1.10626929737573,0.35213645413629,-0.35213645413629,Medium Intercepts,1,computer14
q1 ~1,1,0.724,1.10626929737573,-1.10626929737573,0.35213645413629,-0.35213645413629,Medium Intercepts,1,computer14
q2 ~1,1,0.736,1.07923831660736,-1.07923831660736,0.343532225724474,-0.343532225724474,Medium Intercepts,1,computer14
q3 ~1,1,0.726,1.10179015069147,-1.10179015069147,0.350710697465024,-0.350710697465024,Medium Intercepts,1,computer14
q4 ~1,0.922,0.738,0.508597182163191,-0.508597182163191,0.161891511167762,-0.161891511167762,Medium Intercepts,1,computer14
q5 ~1,1,0.734,1.0837700471305,-1.0837700471305,0.34497472035151,-0.34497472035151,Medium Intercepts,1,computer14
lv ~1,0.994,0.626,1.1609752549816,-1.1609752549816,0.369549901275391,-0.369549901275391,Large Intercepts,1,computer14
q1 ~1,0.994,0.626,1.1609752549816,-1.1609752549816,0.369549901275391,-0.369549901275391,Large Intercepts,1,computer14
q2 ~1,0.997,0.612,1.23528012738778,-1.23528012738778,0.393201876753902,-0.393201876753902,Large Intercepts,1,computer14
q3 ~1,0.997,0.618,1.22294946121933,-1.22294946121933,0.389276903809252,-0.389276903809252,Large Intercepts,1,computer14
q4 ~1,0.939,0.611,0.847802549601287,-0.847802549601286,0.269863933069913,-0.269863933069913,Large Intercepts,1,computer14
q5 ~1,0.997,0.625,1.20851671382118,-1.20851671382118,0.384682817627628,-0.384682817627628,Large Intercepts,1,computer14
lv ~~ lv,0.954,0.452,1.23463355321765,-1.23463355321765,0.392996065803401,-0.392996065803401,Small Residuals,1,computer14
q1 ~~ q1,0.958,0.452,1.25414159832395,-1.25414159832395,0.399205669420853,-0.399205669420853,Small Residuals,1,computer14
q2 ~~ q2,0.96,0.434,1.30046685035921,-1.30046685035921,0.413951455123634,-0.413951455123634,Small Residuals,1,computer14
q3 ~~ q3,0.959,0.459,1.24509973856489,-1.24509973856489,0.396327556070057,-0.396327556070057,Small Residuals,1,computer14
q4 ~~ q4,0.941,0.456,1.16820350337427,-1.16820350337427,0.37185072419857,-0.37185072419857,Small Residuals,1,computer14
q5 ~~ q5,0.962,0.452,1.27456023243684,-1.27456023243684,0.405705122521356,-0.405705122521356,Small Residuals,1,computer14
lv ~~ lv,1,0.44,1.69108620918968,-1.69108620918968,0.538289458774147,-0.538289458774147,Medium Residuals,1,computer14
q1 ~~ q1,1,0.43,1.71125774150475,-1.71125774150475,0.544710256929508,-0.544710256929509,Medium Residuals,1,computer14
q2 ~~ q2,1,0.421,1.72946120869952,-1.72946120869952,0.550504600500425,-0.550504600500424,Medium Residuals,1,computer14
q3 ~~ q3,1,0.423,1.72541162695586,-1.72541162695586,0.549215578596508,-0.549215578596508,Medium Residuals,1,computer14
q4 ~~ q4,0.801,0.427,0.792527188326889,-0.792527188326889,0.252269239113892,-0.252269239113892,Medium Residuals,1,computer14
q5 ~~ q5,1,0.434,1.70318269193988,-1.70318269193988,0.542139888821584,-0.542139888821584,Medium Residuals,1,computer14
lv ~1,0.866,0.621,0.576826292905619,-0.576826292905619,0.183609511642606,-0.183609511642606,Large Residuals,1,computer14
q1 ~1,0.866,0.621,0.576826292905619,-0.576826292905619,0.183609511642606,-0.183609511642606,Large Residuals,1,computer14
q2 ~1,0.852,0.616,0.546880827770152,-0.546880827770152,0.174077574043614,-0.174077574043614,Large Residuals,1,computer14
q3 ~1,0.864,0.618,0.577152656013604,-0.577152656013604,0.183713396246363,-0.183713396246363,Large Residuals,1,computer14
q4 ~1,0.864,0.625,0.562719908615455,-0.562719908615455,0.179119310064739,-0.179119310064739,Large Residuals,1,computer14
q5 ~1,0.844,0.611,0.534864343343477,-0.534864343343477,0.17025260825343,-0.17025260825343,Large Residuals,1,computer14
lv =~ q1,0.898,0.729,0.444913820687852,-0.444913820687853,0.141620467624746,-0.141620467624746,Invariant,1,computer15
lv =~ q2,0.887,0.737,0.391306253344204,-0.391306253344203,0.124556648964999,-0.124556648964999,Invariant,1,computer15
lv =~ q3,0.881,0.737,0.372567966179691,-0.372567966179691,0.118592066910384,-0.118592066910384,Invariant,1,computer15
lv =~ q4,0.871,0.741,0.333112805884478,-0.333112805884478,0.106033099327451,-0.106033099327451,Invariant,1,computer15
lv =~ q5,0.887,0.727,0.413884690691936,-0.413884690691936,0.131743588787363,-0.131743588787363,Invariant,1,computer15
lv =~ q1,0.936,0.51,1.03927198952743,-1.03927198952743,0.330810548700478,-0.330810548700478,Small Loadings,1,computer15
lv =~ q2,0.91,0.502,0.957411008097358,-0.957411008097358,0.304753389018578,-0.304753389018578,Small Loadings,1,computer15
lv =~ q3,0.935,0.506,1.04320203253014,-1.04320203253014,0.332061520241369,-0.332061520241369,Small Loadings,1,computer15
lv =~ q4,0.901,0.498,0.934636008750105,-0.934636008750105,0.297503881568518,-0.297503881568518,Small Loadings,1,computer15
lv =~ q5,0.937,0.516,1.03136860152673,-1.03136860152673,0.328294822165509,-0.328294822165509,Small Loadings,1,computer15
lv =~ q1,0.802,0.363,0.926060295063413,-0.926060295063413,0.294774147120963,-0.294774147120963,Medium Loadings,1,computer15
lv =~ q2,0.804,0.36,0.937333171446051,-0.937333171446051,0.298362415119284,-0.298362415119284,Medium Loadings,1,computer15
lv =~ q3,0.804,0.364,0.929009844958373,-0.929009844958373,0.295713018012321,-0.295713018012321,Medium Loadings,1,computer15
lv =~ q4,0.798,0.354,0.934827735498684,-0.934827735498684,0.297564910088037,-0.297564910088037,Medium Loadings,1,computer15
lv =~ q5,0.803,0.362,0.930652352525487,-0.930652352525487,0.296235844409065,-0.296235844409065,Medium Loadings,1,computer15
lv =~ q1,1,0.096,2.51154596314395,-2.51154596314395,0.799449909673711,-0.799449909673711,Large Loadings,1,computer15
lv =~ q2,1,0.091,2.52872175859842,-2.52872175859842,0.804917135169938,-0.804917135169938,Large Loadings,1,computer15
lv =~ q3,0.998,0.086,2.45685520940762,-2.45685520940761,0.782041302076591,-0.782041302076591,Large Loadings,1,computer15
lv =~ q4,0.814,0.081,1.67258817173434,-1.67258817173434,0.532401350577113,-0.532401350577113,Large Loadings,1,computer15
lv =~ q5,1,0.085,2.54990401116325,-2.54990401116325,0.811659655572965,-0.811659655572965,Large Loadings,1,computer15
lv ~1,0.957,0.367,1.42227739490653,-1.42227739490653,0.452724955694476,-0.452724955694476,Small Intercepts,1,computer15
q1 ~1,0.957,0.367,1.42227739490653,-1.42227739490653,0.452724955694476,-0.452724955694476,Small Intercepts,1,computer15
q2 ~1,0.945,0.372,1.35622720318856,-1.35622720318856,0.431700526686313,-0.431700526686313,Small Intercepts,1,computer15
q3 ~1,0.953,0.373,1.39054995020411,-1.39054995020411,0.442625796382347,-0.442625796382347,Small Intercepts,1,computer15
q4 ~1,0.92,0.376,1.24789843545952,-1.24789843545952,0.397218408960049,-0.397218408960049,Small Intercepts,1,computer15
q5 ~1,0.933,0.373,1.30396040067089,-1.30396040067089,0.41506348672572,-0.41506348672572,Small Intercepts,1,computer15
lv ~1,1,0.654,1.25770620710376,-1.25770620710376,0.400340319635845,-0.400340319635846,Medium Intercepts,1,computer15
q1 ~1,1,0.654,1.25770620710376,-1.25770620710376,0.400340319635845,-0.400340319635846,Medium Intercepts,1,computer15
q2 ~1,1,0.656,1.25349893868276,-1.25349893868276,0.399001104503611,-0.399001104503611,Medium Intercepts,1,computer15
q3 ~1,1,0.653,1.2598076891762,-1.2598076891762,0.401009242155141,-0.401009242155141,Medium Intercepts,1,computer15
q4 ~1,0.932,0.656,0.725863456417975,-0.725863456417975,0.231049514197379,-0.231049514197378,Medium Intercepts,1,computer15
q5 ~1,1,0.651,1.26400640993491,-1.26400640993491,0.402345736481963,-0.402345736481963,Medium Intercepts,1,computer15
lv ~1,1,0.489,1.5927981018482,-1.5927981018482,0.507003382513057,-0.507003382513057,Large Intercepts,1,computer15
q1 ~1,1,0.489,1.5927981018482,-1.5927981018482,0.507003382513057,-0.507003382513057,Large Intercepts,1,computer15
q2 ~1,1,0.486,1.59879998675294,-1.59879998675294,0.508913841813976,-0.508913841813976,Large Intercepts,1,computer15
q3 ~1,1,0.476,1.61881477793144,-1.61881477793144,0.515284747715996,-0.515284747715996,Large Intercepts,1,computer15
q4 ~1,0.814,0.486,0.706984208798727,-0.706984208798727,0.22504006303646,-0.22504006303646,Large Intercepts,1,computer15
q5 ~1,1,0.487,1.59679925701969,-1.59679925701969,0.5082769897603,-0.5082769897603,Large Intercepts,1,computer15
lv ~~ lv,0.979,0.833,0.551111101486288,-0.551111101486289,0.175424111988724,-0.175424111988724,Small Residuals,1,computer15
q1 ~~ q1,0.978,0.837,0.533439573981029,-0.533439573981029,0.169799090079831,-0.169799090079831,Small Residuals,1,computer15
q2 ~~ q2,0.973,0.822,0.540950262253101,-0.540950262253102,0.172189816408876,-0.172189816408877,Small Residuals,1,computer15
q3 ~~ q3,0.976,0.841,0.509210904311449,-0.509210904311449,0.162086864994923,-0.162086864994922,Small Residuals,1,computer15
q4 ~~ q4,0.949,0.827,0.402342737871266,-0.402342737871266,0.128069671098677,-0.128069671098677,Small Residuals,1,computer15
q5 ~~ q5,0.978,0.835,0.538840979266264,-0.538840979266265,0.171518410781407,-0.171518410781407,Small Residuals,1,computer15
lv ~~ lv,1,0.72,1.11519765339907,-1.11519765339907,0.354978438125889,-0.354978438125889,Medium Residuals,1,computer15
q1 ~~ q1,1,0.724,1.10626929737573,-1.10626929737573,0.35213645413629,-0.35213645413629,Medium Residuals,1,computer15
q2 ~~ q2,1,0.735,1.08150554878078,-1.08150554878078,0.344253908139548,-0.344253908139548,Medium Residuals,1,computer15
q3 ~~ q3,1,0.73,1.09280112827594,-1.09280112827594,0.347849402763034,-0.347849402763034,Medium Residuals,1,computer15
q4 ~~ q4,0.968,0.727,0.739839766750936,-0.739839766750937,0.235498311948733,-0.235498311948733,Medium Residuals,1,computer15
q5 ~~ q5,1,0.722,1.11073841302405,-1.11073841302405,0.353559017829649,-0.353559017829649,Medium Residuals,1,computer15
lv ~1,0.929,0.165,1.76557200019479,-1.76557200019479,0.561999022431291,-0.561999022431291,Large Residuals,1,computer15
q1 ~1,0.929,0.165,1.76557200019479,-1.76557200019479,0.561999022431291,-0.561999022431291,Large Residuals,1,computer15
q2 ~1,0.786,0.171,1.32710174771943,-1.32710174771943,0.42242960627088,-0.42242960627088,Large Residuals,1,computer15
q3 ~1,0.88,0.158,1.6165450955575,-1.6165450955575,0.514562285377874,-0.514562285377874,Large Residuals,1,computer15
q4 ~1,0.904,0.151,1.71335040254365,-1.71335040254365,0.545376371626621,-0.545376371626621,Large Residuals,1,computer15
q5 ~1,0.898,0.159,1.67115169275875,-1.67115169275875,0.531944105117886,-0.531944105117886,Large Residuals,1,computer15
lv =~ q1,0.898,0.729,0.444913820687852,-0.444913820687853,0.141620467624746,-0.141620467624746,Invariant,1,computer16
lv =~ q2,0.887,0.737,0.391306253344204,-0.391306253344203,0.124556648964999,-0.124556648964999,Invariant,1,computer16
lv =~ q3,0.881,0.737,0.372567966179691,-0.372567966179691,0.118592066910384,-0.118592066910384,Invariant,1,computer16
lv =~ q4,0.871,0.741,0.333112805884478,-0.333112805884478,0.106033099327451,-0.106033099327451,Invariant,1,computer16
lv =~ q5,0.887,0.727,0.413884690691936,-0.413884690691936,0.131743588787363,-0.131743588787363,Invariant,1,computer16
lv =~ q1,0.936,0.51,1.03927198952743,-1.03927198952743,0.330810548700478,-0.330810548700478,Small Loadings,1,computer16
lv =~ q2,0.91,0.502,0.957411008097358,-0.957411008097358,0.304753389018578,-0.304753389018578,Small Loadings,1,computer16
lv =~ q3,0.935,0.506,1.04320203253014,-1.04320203253014,0.332061520241369,-0.332061520241369,Small Loadings,1,computer16
lv =~ q4,0.901,0.498,0.934636008750105,-0.934636008750105,0.297503881568518,-0.297503881568518,Small Loadings,1,computer16
lv =~ q5,0.937,0.516,1.03136860152673,-1.03136860152673,0.328294822165509,-0.328294822165509,Small Loadings,1,computer16
lv =~ q1,0.802,0.363,0.926060295063413,-0.926060295063413,0.294774147120963,-0.294774147120963,Medium Loadings,1,computer16
lv =~ q2,0.804,0.36,0.937333171446051,-0.937333171446051,0.298362415119284,-0.298362415119284,Medium Loadings,1,computer16
lv =~ q3,0.804,0.364,0.929009844958373,-0.929009844958373,0.295713018012321,-0.295713018012321,Medium Loadings,1,computer16
lv =~ q4,0.798,0.354,0.934827735498684,-0.934827735498684,0.297564910088037,-0.297564910088037,Medium Loadings,1,computer16
lv =~ q5,0.803,0.362,0.930652352525487,-0.930652352525487,0.296235844409065,-0.296235844409065,Medium Loadings,1,computer16
lv =~ q1,1,0.096,2.51154596314395,-2.51154596314395,0.799449909673711,-0.799449909673711,Large Loadings,1,computer16
lv =~ q2,1,0.091,2.52872175859842,-2.52872175859842,0.804917135169938,-0.804917135169938,Large Loadings,1,computer16
lv =~ q3,0.998,0.086,2.45685520940762,-2.45685520940761,0.782041302076591,-0.782041302076591,Large Loadings,1,computer16
lv =~ q4,0.814,0.081,1.67258817173434,-1.67258817173434,0.532401350577113,-0.532401350577113,Large Loadings,1,computer16
lv =~ q5,1,0.085,2.54990401116325,-2.54990401116325,0.811659655572965,-0.811659655572965,Large Loadings,1,computer16
lv ~1,0.957,0.367,1.42227739490653,-1.42227739490653,0.452724955694476,-0.452724955694476,Small Intercepts,1,computer16
q1 ~1,0.957,0.367,1.42227739490653,-1.42227739490653,0.452724955694476,-0.452724955694476,Small Intercepts,1,computer16
q2 ~1,0.945,0.372,1.35622720318856,-1.35622720318856,0.431700526686313,-0.431700526686313,Small Intercepts,1,computer16
q3 ~1,0.953,0.373,1.39054995020411,-1.39054995020411,0.442625796382347,-0.442625796382347,Small Intercepts,1,computer16
q4 ~1,0.92,0.376,1.24789843545952,-1.24789843545952,0.397218408960049,-0.397218408960049,Small Intercepts,1,computer16
q5 ~1,0.933,0.373,1.30396040067089,-1.30396040067089,0.41506348672572,-0.41506348672572,Small Intercepts,1,computer16
lv ~1,1,0.654,1.25770620710376,-1.25770620710376,0.400340319635845,-0.400340319635846,Medium Intercepts,1,computer16
q1 ~1,1,0.654,1.25770620710376,-1.25770620710376,0.400340319635845,-0.400340319635846,Medium Intercepts,1,computer16
q2 ~1,1,0.656,1.25349893868276,-1.25349893868276,0.399001104503611,-0.399001104503611,Medium Intercepts,1,computer16
q3 ~1,1,0.653,1.2598076891762,-1.2598076891762,0.401009242155141,-0.401009242155141,Medium Intercepts,1,computer16
q4 ~1,0.932,0.656,0.725863456417975,-0.725863456417975,0.231049514197379,-0.231049514197378,Medium Intercepts,1,computer16
q5 ~1,1,0.651,1.26400640993491,-1.26400640993491,0.402345736481963,-0.402345736481963,Medium Intercepts,1,computer16
lv ~1,1,0.489,1.5927981018482,-1.5927981018482,0.507003382513057,-0.507003382513057,Large Intercepts,1,computer16
q1 ~1,1,0.489,1.5927981018482,-1.5927981018482,0.507003382513057,-0.507003382513057,Large Intercepts,1,computer16
q2 ~1,1,0.486,1.59879998675294,-1.59879998675294,0.508913841813976,-0.508913841813976,Large Intercepts,1,computer16
q3 ~1,1,0.476,1.61881477793144,-1.61881477793144,0.515284747715996,-0.515284747715996,Large Intercepts,1,computer16
q4 ~1,0.814,0.486,0.706984208798727,-0.706984208798727,0.22504006303646,-0.22504006303646,Large Intercepts,1,computer16
q5 ~1,1,0.487,1.59679925701969,-1.59679925701969,0.5082769897603,-0.5082769897603,Large Intercepts,1,computer16
lv ~~ lv,0.979,0.833,0.551111101486288,-0.551111101486289,0.175424111988724,-0.175424111988724,Small Residuals,1,computer16
q1 ~~ q1,0.978,0.837,0.533439573981029,-0.533439573981029,0.169799090079831,-0.169799090079831,Small Residuals,1,computer16
q2 ~~ q2,0.973,0.822,0.540950262253101,-0.540950262253102,0.172189816408876,-0.172189816408877,Small Residuals,1,computer16
q3 ~~ q3,0.976,0.841,0.509210904311449,-0.509210904311449,0.162086864994923,-0.162086864994922,Small Residuals,1,computer16
q4 ~~ q4,0.949,0.827,0.402342737871266,-0.402342737871266,0.128069671098677,-0.128069671098677,Small Residuals,1,computer16
q5 ~~ q5,0.978,0.835,0.538840979266264,-0.538840979266265,0.171518410781407,-0.171518410781407,Small Residuals,1,computer16
lv ~~ lv,1,0.72,1.11519765339907,-1.11519765339907,0.354978438125889,-0.354978438125889,Medium Residuals,1,computer16
q1 ~~ q1,1,0.724,1.10626929737573,-1.10626929737573,0.35213645413629,-0.35213645413629,Medium Residuals,1,computer16
q2 ~~ q2,1,0.735,1.08150554878078,-1.08150554878078,0.344253908139548,-0.344253908139548,Medium Residuals,1,computer16
q3 ~~ q3,1,0.73,1.09280112827594,-1.09280112827594,0.347849402763034,-0.347849402763034,Medium Residuals,1,computer16
q4 ~~ q4,0.968,0.727,0.739839766750936,-0.739839766750937,0.235498311948733,-0.235498311948733,Medium Residuals,1,computer16
q5 ~~ q5,1,0.722,1.11073841302405,-1.11073841302405,0.353559017829649,-0.353559017829649,Medium Residuals,1,computer16
lv ~1,0.929,0.165,1.76557200019479,-1.76557200019479,0.561999022431291,-0.561999022431291,Large Residuals,1,computer16
q1 ~1,0.929,0.165,1.76557200019479,-1.76557200019479,0.561999022431291,-0.561999022431291,Large Residuals,1,computer16
q2 ~1,0.786,0.171,1.32710174771943,-1.32710174771943,0.42242960627088,-0.42242960627088,Large Residuals,1,computer16
q3 ~1,0.88,0.158,1.6165450955575,-1.6165450955575,0.514562285377874,-0.514562285377874,Large Residuals,1,computer16
q4 ~1,0.904,0.151,1.71335040254365,-1.71335040254365,0.545376371626621,-0.545376371626621,Large Residuals,1,computer16
q5 ~1,0.898,0.159,1.67115169275875,-1.67115169275875,0.531944105117886,-0.531944105117886,Large Residuals,1,computer16
lv =~ q1,0.873,0.549,0.743877657020029,-0.743877657020029,0.23678361234071,-0.23678361234071,Invariant,1,computer17
lv =~ q2,0.873,0.558,0.725773466871705,-0.725773466871704,0.231020869635148,-0.231020869635147,Invariant,1,computer17
lv =~ q3,0.832,0.551,0.623977944748927,-0.623977944748927,0.198618348574227,-0.198618348574227,Invariant,1,computer17
lv =~ q4,0.855,0.55,0.689330788184612,-0.689330788184612,0.219420804730027,-0.219420804730027,Invariant,1,computer17
lv =~ q5,0.852,0.559,0.662738538381437,-0.662738538381437,0.210956228721807,-0.210956228721807,Invariant,1,computer17
lv =~ q1,0.845,0.581,0.598771963359678,-0.598771963359679,0.190595035507064,-0.190595035507064,Small Loadings,1,computer17
lv =~ q2,0.841,0.567,0.616089527996371,-0.616089527996371,0.19610738753555,-0.19610738753555,Small Loadings,1,computer17
lv =~ q3,0.82,0.58,0.533807612674645,-0.533807612674646,0.169916240434507,-0.169916240434507,Small Loadings,1,computer17
lv =~ q4,0.854,0.583,0.619890170348164,-0.619890170348163,0.197317169569975,-0.197317169569974,Small Loadings,1,computer17
lv =~ q5,0.844,0.575,0.608161247632992,-0.608161247632992,0.19358373751545,-0.19358373751545,Small Loadings,1,computer17
lv =~ q1,0.975,0.25,1.77683467310167,-1.77683467310167,0.565584042562407,-0.565584042562407,Medium Loadings,1,computer17
lv =~ q2,0.978,0.249,1.79895948711061,-1.79895948711061,0.572626589591428,-0.572626589591428,Medium Loadings,1,computer17
lv =~ q3,0.965,0.245,1.72959763475277,-1.72959763475277,0.550548026261907,-0.550548026261907,Medium Loadings,1,computer17
lv =~ q4,0.904,0.247,1.4712905832181,-1.4712905832181,0.468326338087437,-0.468326338087437,Medium Loadings,1,computer17
lv =~ q5,0.935,0.245,1.59038711082441,-1.59038711082441,0.506235940234684,-0.506235940234685,Medium Loadings,1,computer17
lv =~ q1,0.948,0.549,1.01252054223723,-1.01252054223723,0.322295298558283,-0.322295298558283,Large Loadings,1,computer17
lv =~ q2,0.944,0.553,0.986777916442449,-0.986777916442449,0.314101166271474,-0.314101166271474,Large Loadings,1,computer17
lv =~ q3,0.953,0.549,1.03557874822129,-1.03557874822129,0.329634953480671,-0.329634953480671,Large Loadings,1,computer17
lv =~ q4,0.796,0.538,0.557464812762152,-0.557464812762152,0.177446561101789,-0.177446561101789,Large Loadings,1,computer17
lv =~ q5,0.934,0.554,0.942949292167574,-0.942949292167574,0.300150081866947,-0.300150081866946,Large Loadings,1,computer17
lv ~1,0.967,0.532,1.14140599337499,-1.14140599337499,0.363320811840689,-0.363320811840689,Small Intercepts,1,computer17
q1 ~1,0.967,0.532,1.14140599337499,-1.14140599337499,0.363320811840689,-0.363320811840689,Small Intercepts,1,computer17
q2 ~1,0.968,0.533,1.14504131704074,-1.14504131704074,0.364477971302975,-0.364477971302975,Small Intercepts,1,computer17
q3 ~1,0.964,0.522,1.14499426285508,-1.14499426285508,0.364462993490495,-0.364462993490495,Small Intercepts,1,computer17
q4 ~1,0.922,0.529,0.946665376853348,-0.946665376853348,0.301332948360325,-0.301332948360324,Small Intercepts,1,computer17
q5 ~1,0.967,0.538,1.12937641128173,-1.12937641128173,0.359491676933744,-0.359491676933744,Small Intercepts,1,computer17
lv ~1,1,0.724,1.10626929737573,-1.10626929737573,0.35213645413629,-0.35213645413629,Medium Intercepts,1,computer17
q1 ~1,1,0.724,1.10626929737573,-1.10626929737573,0.35213645413629,-0.35213645413629,Medium Intercepts,1,computer17
q2 ~1,1,0.736,1.07923831660736,-1.07923831660736,0.343532225724474,-0.343532225724474,Medium Intercepts,1,computer17
q3 ~1,1,0.726,1.10179015069147,-1.10179015069147,0.350710697465024,-0.350710697465024,Medium Intercepts,1,computer17
q4 ~1,0.922,0.738,0.508597182163191,-0.508597182163191,0.161891511167762,-0.161891511167762,Medium Intercepts,1,computer17
q5 ~1,1,0.734,1.0837700471305,-1.0837700471305,0.34497472035151,-0.34497472035151,Medium Intercepts,1,computer17
lv ~1,0.994,0.626,1.1609752549816,-1.1609752549816,0.369549901275391,-0.369549901275391,Large Intercepts,1,computer17
q1 ~1,0.994,0.626,1.1609752549816,-1.1609752549816,0.369549901275391,-0.369549901275391,Large Intercepts,1,computer17
q2 ~1,0.997,0.612,1.23528012738778,-1.23528012738778,0.393201876753902,-0.393201876753902,Large Intercepts,1,computer17
q3 ~1,0.997,0.618,1.22294946121933,-1.22294946121933,0.389276903809252,-0.389276903809252,Large Intercepts,1,computer17
q4 ~1,0.939,0.611,0.847802549601287,-0.847802549601286,0.269863933069913,-0.269863933069913,Large Intercepts,1,computer17
q5 ~1,0.997,0.625,1.20851671382118,-1.20851671382118,0.384682817627628,-0.384682817627628,Large Intercepts,1,computer17
lv ~~ lv,0.954,0.452,1.23463355321765,-1.23463355321765,0.392996065803401,-0.392996065803401,Small Residuals,1,computer17
q1 ~~ q1,0.958,0.452,1.25414159832395,-1.25414159832395,0.399205669420853,-0.399205669420853,Small Residuals,1,computer17
q2 ~~ q2,0.96,0.434,1.30046685035921,-1.30046685035921,0.413951455123634,-0.413951455123634,Small Residuals,1,computer17
q3 ~~ q3,0.959,0.459,1.24509973856489,-1.24509973856489,0.396327556070057,-0.396327556070057,Small Residuals,1,computer17
q4 ~~ q4,0.941,0.456,1.16820350337427,-1.16820350337427,0.37185072419857,-0.37185072419857,Small Residuals,1,computer17
q5 ~~ q5,0.962,0.452,1.27456023243684,-1.27456023243684,0.405705122521356,-0.405705122521356,Small Residuals,1,computer17
lv ~~ lv,1,0.44,1.69108620918968,-1.69108620918968,0.538289458774147,-0.538289458774147,Medium Residuals,1,computer17
q1 ~~ q1,1,0.43,1.71125774150475,-1.71125774150475,0.544710256929508,-0.544710256929509,Medium Residuals,1,computer17
q2 ~~ q2,1,0.421,1.72946120869952,-1.72946120869952,0.550504600500425,-0.550504600500424,Medium Residuals,1,computer17
q3 ~~ q3,1,0.423,1.72541162695586,-1.72541162695586,0.549215578596508,-0.549215578596508,Medium Residuals,1,computer17
q4 ~~ q4,0.801,0.427,0.792527188326889,-0.792527188326889,0.252269239113892,-0.252269239113892,Medium Residuals,1,computer17
q5 ~~ q5,1,0.434,1.70318269193988,-1.70318269193988,0.542139888821584,-0.542139888821584,Medium Residuals,1,computer17
lv ~1,0.866,0.621,0.576826292905619,-0.576826292905619,0.183609511642606,-0.183609511642606,Large Residuals,1,computer17
q1 ~1,0.866,0.621,0.576826292905619,-0.576826292905619,0.183609511642606,-0.183609511642606,Large Residuals,1,computer17
q2 ~1,0.852,0.616,0.546880827770152,-0.546880827770152,0.174077574043614,-0.174077574043614,Large Residuals,1,computer17
q3 ~1,0.864,0.618,0.577152656013604,-0.577152656013604,0.183713396246363,-0.183713396246363,Large Residuals,1,computer17
q4 ~1,0.864,0.625,0.562719908615455,-0.562719908615455,0.179119310064739,-0.179119310064739,Large Residuals,1,computer17
q5 ~1,0.844,0.611,0.534864343343477,-0.534864343343477,0.17025260825343,-0.17025260825343,Large Residuals,1,computer17
lv =~ q1,0.857,0.609,0.575430078284388,-0.575430078284387,0.183165082725433,-0.183165082725433,Invariant,1,computer18
lv =~ q2,0.852,0.617,0.544824222875339,-0.544824222875339,0.173422936373621,-0.173422936373622,Invariant,1,computer18
lv =~ q3,0.84,0.624,0.497147421572205,-0.497147421572205,0.158246939177214,-0.158246939177214,Invariant,1,computer18
lv =~ q4,0.827,0.619,0.472553817433534,-0.472553817433534,0.150418551842984,-0.150418551842984,Invariant,1,computer18
lv =~ q5,0.864,0.609,0.595635451842872,-0.595635451842872,0.189596652883135,-0.189596652883135,Invariant,1,computer18
lv =~ q1,0.946,0.542,1.01765136954713,-1.01765136954713,0.323928491615325,-0.323928491615325,Small Loadings,1,computer18
lv =~ q2,0.934,0.549,0.95300280670089,-0.95300280670089,0.303350214933794,-0.303350214933793,Small Loadings,1,computer18
lv =~ q3,0.933,0.553,0.940947232762824,-0.940947232762825,0.299512806565687,-0.299512806565688,Small Loadings,1,computer18
lv =~ q4,0.831,0.548,0.627335987870914,-0.627335987870914,0.199687246898187,-0.199687246898187,Small Loadings,1,computer18
lv =~ q5,0.936,0.559,0.940997754258814,-0.940997754258815,0.299528888057326,-0.299528888057326,Small Loadings,1,computer18
lv =~ q1,0.962,0.386,1.40843524595305,-1.40843524595305,0.448318862836555,-0.448318862836555,Medium Loadings,1,computer18
lv =~ q2,0.938,0.37,1.33052748225098,-1.33052748225098,0.423520051439714,-0.423520051439714,Medium Loadings,1,computer18
lv =~ q3,0.956,0.376,1.39874893507831,-1.39874893507831,0.445235614324474,-0.445235614324474,Medium Loadings,1,computer18
lv =~ q4,0.839,0.374,0.999784748062341,-0.999784748062341,0.318241369364014,-0.318241369364014,Medium Loadings,1,computer18
lv =~ q5,0.953,0.372,1.39261832906203,-1.39261832906203,0.443284181821195,-0.443284181821195,Medium Loadings,1,computer18
lv =~ q1,1,0.512,1.5467940221975,-1.5467940221975,0.492359829155452,-0.492359829155452,Large Loadings,1,computer18
lv =~ q2,1,0.52,1.53078565244091,-1.53078565244091,0.487264206800245,-0.487264206800245,Large Loadings,1,computer18
lv =~ q3,1,0.517,1.53678977271823,-1.53678977271823,0.489175377642352,-0.489175377642352,Large Loadings,1,computer18
lv =~ q4,0.613,0.519,0.189960322735554,-0.189960322735554,0.0604662487093902,-0.0604662487093902,Large Loadings,1,computer18
lv =~ q5,1,0.523,1.52478008866152,-1.52478008866152,0.48535257647716,-0.48535257647716,Large Loadings,1,computer18
lv ~1,0.992,0.579,1.23300663001139,-1.23300663001139,0.392478200062784,-0.392478200062784,Small Intercepts,1,computer18
q1 ~1,0.992,0.579,1.23300663001139,-1.23300663001139,0.392478200062784,-0.392478200062784,Small Intercepts,1,computer18
q2 ~1,0.991,0.575,1.2302056305555,-1.2302056305555,0.391586614244779,-0.39158661424478,Small Intercepts,1,computer18
q3 ~1,0.957,0.587,0.978146061192551,-0.978146061192552,0.311353561409324,-0.311353561409324,Small Intercepts,1,computer18
q4 ~1,0.93,0.578,0.878629905194578,-0.878629905194577,0.279676585120161,-0.279676585120161,Small Intercepts,1,computer18
q5 ~1,0.991,0.575,1.2302056305555,-1.2302056305555,0.391586614244779,-0.39158661424478,Small Intercepts,1,computer18
lv ~1,0.999,0.389,1.73140540498596,-1.73140540498595,0.55112345739908,-0.551123457399079,Medium Intercepts,1,computer18
q1 ~1,0.999,0.389,1.73140540498596,-1.73140540498595,0.55112345739908,-0.551123457399079,Medium Intercepts,1,computer18
q2 ~1,1,0.375,1.82347658193698,-1.82347658193698,0.580430623255166,-0.580430623255166,Medium Intercepts,1,computer18
q3 ~1,1,0.39,1.79261079729169,-1.79261079729169,0.570605738857752,-0.570605738857752,Medium Intercepts,1,computer18
q4 ~1,0.89,0.383,1.13085570158234,-1.13085570158234,0.359962549660965,-0.359962549660965,Medium Intercepts,1,computer18
q5 ~1,0.999,0.387,1.73550970193639,-1.73550970193639,0.552429895694238,-0.552429895694237,Medium Intercepts,1,computer18
lv ~1,1,0.585,1.39996665766579,-1.39996665766579,0.4456232274627,-0.4456232274627,Large Intercepts,1,computer18
q1 ~1,1,0.585,1.39996665766579,-1.39996665766579,0.4456232274627,-0.4456232274627,Large Intercepts,1,computer18
q2 ~1,1,0.566,1.43840996164992,-1.43840996164992,0.457860111178416,-0.457860111178416,Large Intercepts,1,computer18
q3 ~1,1,0.574,1.42225063202439,-1.42225063202439,0.452716436804507,-0.452716436804507,Large Intercepts,1,computer18
q4 ~1,0.92,0.58,0.83659256941989,-0.83659256941989,0.26629568555425,-0.26629568555425,Large Intercepts,1,computer18
q5 ~1,1,0.575,1.42022805401821,-1.42022805401821,0.452072630229563,-0.452072630229563,Large Intercepts,1,computer18
lv ~~ lv,0.999,0.687,1.12422193815866,-1.12422193815866,0.357850957180604,-0.357850957180603,Small Residuals,1,computer18
q1 ~~ q1,0.998,0.685,1.10231474589445,-1.10231474589445,0.350877681304377,-0.350877681304377,Small Residuals,1,computer18
q2 ~~ q2,0.998,0.691,1.08936431352265,-1.08936431352265,0.346755430650078,-0.346755430650078,Small Residuals,1,computer18
q3 ~~ q3,0.999,0.683,1.13283309320738,-1.13283309320738,0.360591972964074,-0.360591972964073,Small Residuals,1,computer18
q4 ~~ q4,0.984,0.678,0.953150634237847,-0.953150634237847,0.303397269900257,-0.303397269900257,Small Residuals,1,computer18
q5 ~~ q5,0.999,0.678,1.14355627143816,-1.14355627143816,0.364005266606241,-0.364005266606241,Small Residuals,1,computer18
lv ~~ lv,0.994,0.686,1.03455892886176,-1.03455892886176,0.329310334896412,-0.329310334896412,Medium Residuals,1,computer18
q1 ~~ q1,0.994,0.687,1.03240336406946,-1.03240336406946,0.328624197312713,-0.328624197312714,Medium Residuals,1,computer18
q2 ~~ q2,0.994,0.686,1.03455892886176,-1.03455892886176,0.329310334896412,-0.329310334896412,Medium Residuals,1,computer18
q3 ~~ q3,0.994,0.686,1.03455892886176,-1.03455892886176,0.329310334896412,-0.329310334896412,Medium Residuals,1,computer18
q4 ~~ q4,0.936,0.689,0.671638262609214,-0.671638262609214,0.213789098927818,-0.213789098927818,Medium Residuals,1,computer18
q5 ~~ q5,0.994,0.686,1.03455892886176,-1.03455892886176,0.329310334896412,-0.329310334896412,Medium Residuals,1,computer18
lv ~1,0.931,0.674,0.683765110958123,-0.683765110958124,0.217649194645527,-0.217649194645527,Large Residuals,1,computer18
q1 ~1,0.931,0.674,0.683765110958123,-0.683765110958124,0.217649194645527,-0.217649194645527,Large Residuals,1,computer18
q2 ~1,0.864,0.682,0.442841240011861,-0.442841240011862,0.140960744705664,-0.140960744705664,Large Residuals,1,computer18
q3 ~1,0.907,0.67,0.604088644060017,-0.604088644060017,0.192287387535664,-0.192287387535664,Large Residuals,1,computer18
q4 ~1,0.925,0.666,0.677562245017227,-0.677562245017227,0.215674761093867,-0.215674761093867,Large Residuals,1,computer18
q5 ~1,0.931,0.669,0.694411005999874,-0.694411005999874,0.221037888284591,-0.221037888284591,Large Residuals,1,computer18
lv =~ q1,0.887,0.543,0.799027887436232,-0.799027887436232,0.254338475907502,-0.254338475907502,Invariant,1,computer19
lv =~ q2,0.869,0.54,0.75001611676766,-0.75001611676766,0.238737544764323,-0.238737544764323,Invariant,1,computer19
lv =~ q3,0.871,0.532,0.772004976329751,-0.772004976329751,0.245736816148843,-0.245736816148843,Invariant,1,computer19
lv =~ q4,0.889,0.523,0.845459900524904,-0.845459900524904,0.269118244709041,-0.269118244709041,Invariant,1,computer19
lv =~ q5,0.87,0.536,0.761008004773444,-0.761008004773444,0.242236371384389,-0.242236371384389,Invariant,1,computer19
lv =~ q1,0.962,0.654,0.865322041840321,-0.865322041840321,0.275440560650518,-0.275440560650518,Small Loadings,1,computer19
lv =~ q2,0.852,0.645,0.486787269474459,-0.486787269474459,0.154949200342133,-0.154949200342133,Small Loadings,1,computer19
lv =~ q3,0.957,0.625,0.900355992269946,-0.900355992269946,0.28659221342434,-0.28659221342434,Small Loadings,1,computer19
lv =~ q4,0.961,0.649,0.870617775265649,-0.87061777526565,0.277126244954394,-0.277126244954394,Small Loadings,1,computer19
lv =~ q5,0.965,0.658,0.872902366938947,-0.872902366938947,0.277853453069898,-0.277853453069898,Small Loadings,1,computer19
lv =~ q1,0.996,0.593,1.25713121617504,-1.25713121617504,0.400157294338766,-0.400157294338766,Medium Loadings,1,computer19
lv =~ q2,0.994,0.595,1.2245595072995,-1.2245595072995,0.389789397393782,-0.389789397393782,Medium Loadings,1,computer19
lv =~ q3,0.996,0.606,1.23059971568568,-1.23059971568568,0.391712055437714,-0.391712055437713,Medium Loadings,1,computer19
lv =~ q4,0.76,0.593,0.359761426038806,-0.359761426038807,0.114515618575731,-0.114515618575731,Medium Loadings,1,computer19
lv =~ q5,0.995,0.603,1.22177133782197,-1.22177133782197,0.388901895484729,-0.388901895484729,Medium Loadings,1,computer19
lv =~ q1,1,0.368,1.83796331952295,-1.83796331952295,0.585041895047333,-0.585041895047334,Large Loadings,1,computer19
lv =~ q2,1,0.363,1.84834608173243,-1.84834608173243,0.588346830904505,-0.588346830904505,Large Loadings,1,computer19
lv =~ q3,1,0.368,1.83796331952295,-1.83796331952295,0.585041895047333,-0.585041895047334,Large Loadings,1,computer19
lv =~ q4,0.754,0.363,0.810411033694031,-0.810411033694031,0.257961843897235,-0.257961843897235,Large Loadings,1,computer19
lv =~ q5,1,0.359,1.85667440418774,-1.85667440418774,0.590997818277358,-0.590997818277358,Large Loadings,1,computer19
lv ~1,0.993,0.459,1.48536065713511,-1.48536065713511,0.472804981714558,-0.472804981714558,Small Intercepts,1,computer19
q1 ~1,0.993,0.459,1.48536065713511,-1.48536065713511,0.472804981714558,-0.472804981714558,Small Intercepts,1,computer19
q2 ~1,0.971,0.461,1.30661987390689,-1.30661987390689,0.41591002334878,-0.41591002334878,Small Intercepts,1,computer19
q3 ~1,0.995,0.455,1.51937879848506,-1.51937879848506,0.483633292415845,-0.483633292415845,Small Intercepts,1,computer19
q4 ~1,0.946,0.467,1.16779847869901,-1.16779847869901,0.371721800840287,-0.371721800840287,Small Intercepts,1,computer19
q5 ~1,0.99,0.456,1.4585754607715,-1.4585754607715,0.464278988908645,-0.464278988908645,Small Intercepts,1,computer19
lv ~1,0.995,0.786,0.820314794995638,-0.820314794995639,0.261114309029941,-0.261114309029942,Medium Intercepts,1,computer19
q1 ~1,0.995,0.786,0.820314794995638,-0.820314794995639,0.261114309029941,-0.261114309029942,Medium Intercepts,1,computer19
q2 ~1,0.995,0.787,0.817874445869814,-0.817874445869814,0.260337521777451,-0.260337521777452,Medium Intercepts,1,computer19
q3 ~1,0.994,0.783,0.814075908931421,-0.814075908931422,0.259128409916926,-0.259128409916927,Medium Intercepts,1,computer19
q4 ~1,0.913,0.788,0.358147049619174,-0.358147049619174,0.11400174660134,-0.11400174660134,Medium Intercepts,1,computer19
q5 ~1,0.993,0.8,0.759767374502279,-0.759767374502279,0.241841466503978,-0.241841466503978,Medium Intercepts,1,computer19
lv ~1,1,0.628,1.31191429312916,-1.31191429312916,0.417595289328832,-0.417595289328832,Large Intercepts,1,computer19
q1 ~1,1,0.628,1.31191429312916,-1.31191429312916,0.417595289328832,-0.417595289328832,Large Intercepts,1,computer19
q2 ~1,1,0.616,1.33666304734161,-1.33666304734161,0.425473062465386,-0.425473062465386,Large Intercepts,1,computer19
q3 ~1,1,0.627,1.31398267198708,-1.31398267198708,0.41825367476768,-0.41825367476768,Large Intercepts,1,computer19
q4 ~1,0.94,0.637,0.798312445516468,-0.798312445516469,0.254110743671451,-0.254110743671451,Large Intercepts,1,computer19
q5 ~1,1,0.631,1.30570231196419,-1.30570231196419,0.415617954311233,-0.415617954311233,Large Intercepts,1,computer19
lv ~~ lv,0.999,0.134,2.32879311237194,-2.32879311237194,0.741277870544709,-0.741277870544708,Small Residuals,1,computer19
q1 ~~ q1,0.999,0.136,2.32294039167729,-2.32294039167729,0.739414891686528,-0.739414891686527,Small Residuals,1,computer19
q2 ~~ q2,0.998,0.136,2.29672393034794,-2.29672393034794,0.731069932864641,-0.73106993286464,Small Residuals,1,computer19
q3 ~~ q3,0.999,0.134,2.32879311237194,-2.32879311237194,0.741277870544709,-0.741277870544708,Small Residuals,1,computer19
q4 ~~ q4,0.966,0.127,2.04192735346966,-2.04192735346966,0.649965663478495,-0.649965663478495,Small Residuals,1,computer19
q5 ~~ q5,0.999,0.134,2.32879311237194,-2.32879311237194,0.741277870544709,-0.741277870544708,Small Residuals,1,computer19
lv ~~ lv,1,0.505,1.56079616012073,-1.56079616012073,0.496816848084127,-0.496816848084127,Medium Residuals,1,computer19
q1 ~~ q1,1,0.509,1.55279535465315,-1.55279535465315,0.494270112606364,-0.494270112606364,Medium Residuals,1,computer19
q2 ~~ q2,1,0.495,1.58079649346906,-1.58079649346906,0.503183151915873,-0.503183151915873,Medium Residuals,1,computer19
q3 ~~ q3,1,0.516,1.53879086294345,-1.53879086294345,0.489812344444185,-0.489812344444185,Medium Residuals,1,computer19
q4 ~~ q4,0.955,0.483,1.1772906159267,-1.1772906159267,0.374743241960872,-0.374743241960872,Medium Residuals,1,computer19
q5 ~~ q5,1,0.509,1.55279535465315,-1.55279535465315,0.494270112606364,-0.494270112606364,Medium Residuals,1,computer19
lv ~1,0.895,0.61,0.688994526910604,-0.688994526910604,0.219313769442169,-0.219313769442169,Large Residuals,1,computer19
q1 ~1,0.895,0.61,0.688994526910604,-0.688994526910604,0.219313769442169,-0.219313769442169,Large Residuals,1,computer19
q2 ~1,0.9,0.602,0.721853100491478,-0.721853100491478,0.229772978258859,-0.229772978258859,Large Residuals,1,computer19
q3 ~1,0.878,0.604,0.647650698234512,-0.647650698234512,0.20615362004188,-0.20615362004188,Large Residuals,1,computer19
q4 ~1,0.895,0.613,0.682839523390761,-0.682839523390761,0.217354570972307,-0.217354570972307,Large Residuals,1,computer19
q5 ~1,0.895,0.595,0.719646850876339,-0.719646850876339,0.229070707194971,-0.229070707194971,Large Residuals,1,computer19
lv =~ q1,0.994,0.582,1.25097745363199,-1.25097745363199,0.398198490884087,-0.398198490884087,Invariant,1,computer20
lv =~ q2,0.993,0.595,1.2121063367645,-1.2121063367645,0.385825430098161,-0.385825430098161,Invariant,1,computer20
lv =~ q3,0.807,0.546,0.568988127359311,-0.56898812735931,0.18111454605967,-0.18111454605967,Invariant,1,computer20
lv =~ q4,0.992,0.582,1.22692731171744,-1.22692731171744,0.390543092948563,-0.390543092948562,Invariant,1,computer20
lv =~ q5,0.993,0.595,1.2121063367645,-1.2121063367645,0.385825430098161,-0.385825430098161,Invariant,1,computer20
lv =~ q1,0.925,0.507,1.00198483644115,-1.00198483644115,0.318941679245467,-0.318941679245467,Small Loadings,1,computer20
lv =~ q2,0.923,0.5,1.00843791477508,-1.00843791477508,0.320995757875476,-0.320995757875476,Small Loadings,1,computer20
lv =~ q3,0.913,0.517,0.937967433979138,-0.937967433979138,0.298564307154002,-0.298564307154002,Small Loadings,1,computer20
lv =~ q4,0.746,0.508,0.498384861823252,-0.498384861823252,0.158640828642684,-0.158640828642684,Small Loadings,1,computer20
lv =~ q5,0.92,0.519,0.959274071090716,-0.959274071090716,0.305346420387947,-0.305346420387947,Small Loadings,1,computer20
lv =~ q1,0.91,0.559,0.843135449922097,-0.843135449922098,0.268378349102222,-0.268378349102222,Medium Loadings,1,computer20
lv =~ q2,0.903,0.569,0.798921151680504,-0.798921151680504,0.254304500861244,-0.254304500861244,Medium Loadings,1,computer20
lv =~ q3,0.831,0.566,0.59109769363132,-0.59109769363132,0.188152239583286,-0.188152239583286,Medium Loadings,1,computer20
lv =~ q4,0.871,0.563,0.70971294712171,-0.70971294712171,0.225908647421474,-0.225908647421474,Medium Loadings,1,computer20
lv =~ q5,0.909,0.565,0.827556452100378,-0.827556452100378,0.263419400078733,-0.263419400078733,Medium Loadings,1,computer20
lv =~ q1,0.995,0.514,1.40125319351242,-1.40125319351242,0.446032744541612,-0.446032744541612,Large Loadings,1,computer20
lv =~ q2,0.996,0.494,1.45622102885084,-1.45622102885084,0.463529549951953,-0.463529549951952,Large Loadings,1,computer20
lv =~ q3,0.995,0.509,1.41125588132872,-1.41125588132872,0.449216698961951,-0.449216698961951,Large Loadings,1,computer20
lv =~ q4,0.755,0.518,0.499177009737135,-0.499177009737135,0.158892977154993,-0.158892977154993,Large Loadings,1,computer20
lv =~ q5,0.991,0.525,1.33075304652641,-1.33075304652642,0.423591850778556,-0.423591850778556,Large Loadings,1,computer20
lv ~1,0.966,0.722,0.739834235503774,-0.739834235503774,0.235496551298078,-0.235496551298078,Small Intercepts,1,computer20
q1 ~1,0.966,0.722,0.739834235503774,-0.739834235503774,0.235496551298078,-0.235496551298078,Small Intercepts,1,computer20
q2 ~1,0.967,0.722,0.745391850998331,-0.745391850998331,0.237265595253604,-0.237265595253604,Small Intercepts,1,computer20
q3 ~1,0.962,0.719,0.725039453087092,-0.725039453087091,0.23078722579091,-0.23078722579091,Small Intercepts,1,computer20
q4 ~1,0.959,0.714,0.720728881385989,-0.720728881385989,0.229415128203345,-0.229415128203345,Small Intercepts,1,computer20
q5 ~1,0.951,0.724,0.659852759201668,-0.659852759201667,0.210037656679543,-0.210037656679543,Small Intercepts,1,computer20
lv ~1,1,0.556,1.45856084041782,-1.45856084041782,0.464274335105529,-0.464274335105529,Medium Intercepts,1,computer20
q1 ~1,1,0.556,1.45856084041782,-1.45856084041782,0.464274335105529,-0.464274335105529,Medium Intercepts,1,computer20
q2 ~1,1,0.556,1.45856084041782,-1.45856084041782,0.464274335105529,-0.464274335105529,Medium Intercepts,1,computer20
q3 ~1,1,0.572,1.42629396085337,-1.42629396085337,0.454003468343864,-0.454003468343864,Medium Intercepts,1,computer20
q4 ~1,0.936,0.55,0.959105901939259,-0.95910590193926,0.305292890484488,-0.305292890484488,Medium Intercepts,1,computer20
q5 ~1,1,0.558,1.45453458947157,-1.45453458947157,0.462992739625082,-0.462992739625082,Medium Intercepts,1,computer20
lv ~1,1,0.593,1.38370680213776,-1.38370680213776,0.440447554700207,-0.440447554700207,Large Intercepts,1,computer20
q1 ~1,1,0.593,1.38370680213776,-1.38370680213776,0.440447554700207,-0.440447554700207,Large Intercepts,1,computer20
q2 ~1,1,0.598,1.3735192006098,-1.3735192006098,0.437204740417357,-0.437204740417357,Large Intercepts,1,computer20
q3 ~1,1,0.594,1.38167088805463,-1.38167088805463,0.439799503120125,-0.439799503120125,Large Intercepts,1,computer20
q4 ~1,0.933,0.591,0.864126705642904,-0.864126705642904,0.275060073321567,-0.275060073321567,Large Intercepts,1,computer20
q5 ~1,1,0.587,1.39590614057542,-1.39590614057542,0.444330724729818,-0.444330724729818,Large Intercepts,1,computer20
lv ~~ lv,1,0.512,1.5467940221975,-1.5467940221975,0.492359829155452,-0.492359829155452,Small Residuals,1,computer20
q1 ~~ q1,1,0.506,1.55879603877623,-1.55879603877623,0.496180189686606,-0.496180189686606,Small Residuals,1,computer20
q2 ~~ q2,0.999,0.517,1.47353367384309,-1.47353367384308,0.469040336008976,-0.469040336008975,Small Residuals,1,computer20
q3 ~~ q3,1,0.503,1.56479629079431,-1.56479629079431,0.498090129223556,-0.498090129223556,Small Residuals,1,computer20
q4 ~~ q4,0.937,0.514,1.03537040542013,-1.03537040542013,0.329568635907348,-0.329568635907348,Small Residuals,1,computer20
q5 ~~ q5,1,0.498,1.57479633746164,-1.57479633746164,0.501273242940065,-0.501273242940065,Small Residuals,1,computer20
lv ~~ lv,1,0.538,1.49472297330744,-1.49472297330744,0.475785099509789,-0.475785099509789,Medium Residuals,1,computer20
q1 ~~ q1,1,0.542,1.48669722781221,-1.48669722781221,0.473230425374663,-0.473230425374663,Medium Residuals,1,computer20
q2 ~~ q2,1,0.53,1.51076026834962,-1.51076026834962,0.48088992906936,-0.48088992906936,Medium Residuals,1,computer20
q3 ~~ q3,1,0.523,1.52478008866152,-1.52478008866152,0.48535257647716,-0.48535257647716,Medium Residuals,1,computer20
q4 ~~ q4,0.731,0.527,0.426222695614686,-0.426222695614686,0.135670897730059,-0.135670897730059,Medium Residuals,1,computer20
q5 ~~ q5,1,0.533,1.5047483166257,-1.5047483166257,0.478976265400376,-0.478976265400376,Medium Residuals,1,computer20
lv ~1,0.914,0.358,1.26349476569194,-1.26349476569194,0.402182875061215,-0.402182875061215,Large Residuals,1,computer20
q1 ~1,0.914,0.358,1.26349476569194,-1.26349476569194,0.402182875061215,-0.402182875061215,Large Residuals,1,computer20
q2 ~1,0.871,0.361,1.11776015466681,-1.11776015466681,0.355794107612769,-0.355794107612769,Large Residuals,1,computer20
q3 ~1,0.864,0.364,1.09087094647818,-1.09087094647819,0.347235006814675,-0.347235006814675,Large Residuals,1,computer20
q4 ~1,0.908,0.363,1.23200679202601,-1.23200679202601,0.392159941747456,-0.392159941747456,Large Residuals,1,computer20
q5 ~1,0.897,0.366,1.18867733859463,-1.18867733859463,0.378367748357309,-0.378367748357309,Large Residuals,1,computer20
